{
    "M_DATA": [
        {
            "m_Name": "Cherno killfeed",
            "m_URL": "https://discordapp.com/api/webhooks/1086895933939261480/4XILLTVpnrpLU18i3jKangga0yzDpnDQXRih8ed_zJp3XRN7LkM3yoFH7pdP_NiTsxW4",
            "m_deathKillLogs": 1,
            "m_adminActivityLog": 1,
            "m_admHitLog": 1,
            "m_joinLeaveLog": 0,
            "m_serverStatusLog": 0,
            "m_serverStatsInterval": 60,
            "m_simplifiedMessages": 1
        },
        {
            "m_Name": "Cherno Logs",
            "m_URL": "https://discordapp.com/api/webhooks/1086896941125881916/CLjL9UlMTI6fSifMPp_H5e007r0rTF_cxbYyL0-8t54P9l0bmYOGY2aOUOStnt1JLb2i",
            "m_deathKillLogs": 0,
            "m_adminActivityLog": 0,
            "m_admHitLog": 0,
            "m_joinLeaveLog": 1,
            "m_serverStatusLog": 1,
            "m_serverStatsInterval": 600,
            "m_simplifiedMessages": 0
        }
    ]
}