{
	"version": 120,
	"GeneralData":
	{
		"disableBaseDamage": false,
		"disableContainerDamage": false,
		"disableRespawnDialog": false
	},
    "PlayerData":
	{
		"disablePersonalLight": false,
		"StaminaData":
		{
			"sprintStaminaModifierErc": 1.0,
			"sprintStaminaModifierCro": 1.0,
			"staminaWeightLimitThreshold": 6000.0,
			"staminaMax": 100.0,
			"staminaKgToStaminaPercentPenalty": 1.25,
			"staminaMinCap": 5.0,
			"sprintSwimmingStaminaModifier": 1.0,
			"sprintLadderStaminaModifier": 1.0,
			"meleeStaminaModifier": 1.0,
			"obstacleTraversalStaminaModifier": 1.0,
			"holdBreathStaminaModifier": 1.0
		},
		"ShockHandlingData":
		{
			"shockRefillSpeedConscious": 5.0,
			"shockRefillSpeedUnconscious": 1.0,
			"allowRefillSpeedModifier": true
		},
		"MovementData":
		{
			"timeToStrafeJog": 0.1,
			"rotationSpeedJog": 0.3,
			"timeToSprint": 0.45,
			"timeToStrafeSprint": 0.3,
			"rotationSpeedSprint": 0.15,
			"allowStaminaAffectInertia": true
		},
		"DrowningData":
		{
			"staminaDepletionSpeed": 10.0,
			"healthDepletionSpeed": 10.0,
			"shockDepletionSpeed": 10.0
		}
	},
	"WorldsData":
	{
		"lightingConfig": 1,
		"objectSpawnersArr": ["Mapping/KamenskMine.json"],
		"environmentMinTemps": [-3.0, -2.0, 0.0, 4.0, 9.0, 14.0, 18.0, 17.0, 12.0, 7.0, 4.0, 0.0],
		"environmentMaxTemps": [3.0, 5.0, 7.0, 14.0, 19.0, 24.0, 26.0, 25.0, 21.0, 16.0, 10.0, 5.0],
		"wetnessWeightModifiers": [1.0, 1.0, 1.33, 1.66, 2.0]
	},
	"BaseBuildingData":
	{
		"HologramData":
		{
			"disableIsCollidingBBoxCheck": true,
			"disableIsCollidingPlayerCheck": false,
			"disableIsClippingRoofCheck": true,
			"disableIsBaseViableCheck": true,
			"disableIsCollidingGPlotCheck": false,
			"disableIsCollidingAngleCheck": true,
			"disableIsPlacementPermittedCheck": true,
			"disableHeightPlacementCheck": true,
			"disableIsUnderwaterCheck": false,
			"disableIsInTerrainCheck": true
		},
		"ConstructionData":
		{
			"disablePerformRoofCheck": true,
			"disableIsCollidingCheck": true,
			"disableDistanceCheck": true
		}
	},
	"UIData":
	{
		"use3DMap": false,
		"HitIndicationData":
		{
			"hitDirectionOverrideEnabled": false,
			"hitDirectionBehaviour": 1,
			"hitDirectionStyle": 0,
			"hitDirectionIndicatorColorStr": "0xffbb0a1e",
			"hitDirectionMaxDuration": 2.0,
			"hitDirectionBreakPointRelative": 0.2,
			"hitDirectionScatter": 10.0,
			"hitIndicationPostProcessEnabled": true
		}
	},
	"MapData":
	{
		"ignoreMapOwnership": false,
		"ignoreNavItemsOwnership": false,
		"displayPlayerPosition": true,
		"displayNavInfo": true
	}
}