<?xml version="1.0" encoding="UTF-8" standalone="yes" ?>

<spawnabletypes>
	<!--Zmb-->
    <type name="ZmbM_usSoldier_Officer_Convoy">
		<attachments chance="1.00">
			<item name="MedicalScrubsHat_Green" chance="1.0" />
		</attachments>
		<cargo preset="foodArmy" />
		<cargo chance="1.0">
			<item name="PunchedCard" chance="0.4" />
		</cargo>
	</type>
	<!--Loot-->
	<type name="AK101">
		<damage min="0.3" max="0.7" />
		<attachments chance="1.00">
			<item name="AK_PlasticBttstck" chance="1.00" />
		</attachments>
		<attachments chance="1.00">
			<item name="AK_PlasticHndgrd" chance="1.00" />
		</attachments>
		<attachments chance="0.30">
			<item name="KashtanOptic" chance="0.50" />
			<item name="PSO11Optic" chance="0.30" />
		</attachments>
		<attachments chance="0.85">
			<item name="Mag_AK101_30Rnd" chance="1.00" />
		</attachments>
	</type>
	<type name="Aug">
		<damage min="0.1" max="0.4" />
		<attachments chance="0.85">
			<item name="Mag_Aug_30Rnd" chance="0.33" />
			<item name="Mag_CMAG_40Rnd" chance="0.33" />
			<item name="Mag_STANAG_60Rnd" chance="0.33" />
		</attachments>
		<attachments chance="0.30">
			<item name="BUISOptic" chance="0.15" />
			<item name="M4_T3NRDSOptic" chance="0.15" />
			<item name="ReflexOptic" chance="0.15" />
			<item name="ACOGOptic" chance="0.15" />
		</attachments>	
		<attachments chance="0.10">
			<item name="TLRLight" chance="1.00" />
		</attachments>
	</type>
	<type name="AugShort">
		<damage min="0.3" max="0.7" />
		<attachments chance="0.85">
			<item name="Mag_Aug_30Rnd" chance="1.0" />
		</attachments>
	</type>
	<type name="Mich2001Helmet">
		<damage min="0.1" max="0.6" />
		<attachments chance="0.85">
			<item name="NVGoggles" chance="1.00" />
			<item name="Battery9V" chance="1.00" />
		</attachments>
	</type>
	<type name="PlateCarrierVest_Black">
		<damage min="0.1" max="0.6" />
		<attachments chance="0.85">
			<item name="PlateCarrierHolster_Black" chance="1.00" />
		</attachments>
		<attachments chance="0.85">
			<item name="PlateCarrierPouches_Black" chance="1.00" />
		</attachments>
	</type>
	<type name="PlateCarrierVest_Green">
		<damage min="0.1" max="0.6" />
		<attachments chance="0.85">
			<item name="PlateCarrierHolster_Green" chance="1.00" />
		</attachments>
		<attachments chance="0.85">
			<item name="PlateCarrierPouches_Green" chance="1.00" />
		</attachments>
	</type>
</spawnabletypes>
