<?xml version="1.0" encoding="UTF-8" standalone="yes" ?>

<spawnabletypes>
	<!--Mich2001Helmet-->
	<type name="Ex_Mich2001Helmet_MM14Flec">
		<damage min="0.1" max="0.6" />
		<attachments chance="0.85">
			<item name="NVGoggles" chance="1.00" />
			<item name="Battery9V" chance="1.00" />
		</attachments>
	</type>
	<type name="Ex_Mich2001Helmet_MM14Ori">
		<damage min="0.1" max="0.6" />
		<attachments chance="0.85">
			<item name="NVGoggles" chance="1.00" />
			<item name="Battery9V" chance="1.00" />
		</attachments>
	</type>
	<type name="Ex_Mich2001Helmet_MaWka">
		<damage min="0.1" max="0.6" />
		<attachments chance="0.85">
			<item name="NVGoggles" chance="1.00" />
			<item name="Battery9V" chance="1.00" />
		</attachments>
	</type>
	<type name="Ex_Mich2001Helmet_Predator">
		<damage min="0.1" max="0.6" />
		<attachments chance="0.85">
			<item name="NVGoggles" chance="1.00" />
			<item name="Battery9V" chance="1.00" />
		</attachments>
	</type>
	<!--PlateCarrierVest-->
	<type name="Ex_PlateCarrierVest_MM14Flec">
		<damage min="0.1" max="0.6" />
		<attachments chance="0.85">
			<item name="Ex_PlateCarrierHolster_MM14Flec" chance="1.00" />
		</attachments>
		<attachments chance="0.85">
			<item name="Ex_PlateCarrierPouchest_MM14Flec" chance="1.00" />
		</attachments>
	</type>
	<type name="Ex_PlateCarrierVest_MM14Orig">
		<damage min="0.1" max="0.6" />
		<attachments chance="0.85">
			<item name="Ex_PlateCarrierHolster_MM14Orig" chance="1.00" />
		</attachments>
		<attachments chance="0.85">
			<item name="Ex_PlateCarrierPouchest_MM14Orig" chance="1.00" />
		</attachments>
	</type>
	<type name="Ex_PlateCarrierVest_Predator">
		<damage min="0.1" max="0.6" />
		<attachments chance="0.85">
			<item name="Ex_PlateCarrierHolster_Predator" chance="1.00" />
		</attachments>
		<attachments chance="0.85">
			<item name="Ex_PlateCarrierPouchest_Predator" chance="1.00" />
		</attachments>
	</type>
	<!--GorkaJacket-->
	<type name="Ex_GorkaEJacket_MM14Flec">
		<cargo preset="foodArmy" />
		<cargo preset="ammoArmy" />
	</type>
	<type name="Ex_GorkaEJacket_MM14Orig">
		<cargo preset="foodArmy" />
		<cargo preset="ammoArmy" />
	</type>
	<type name="Ex_GorkaEJacket_MaWka">
		<cargo preset="foodArmy" />
		<cargo preset="ammoArmy" />
	</type>
	<type name="Ex_GorkaEJacket_Predator">
		<cargo preset="foodArmy" />
		<cargo preset="ammoArmy" />
	</type>
	<!--GorkaPants-->
	<type name="Ex_GorkaPants_MM14Flec">
		<cargo preset="mixArmy" />
	</type>
	<type name="Ex_GorkaPants_MM14Orig">
		<cargo preset="mixArmy" />
	</type>
	<type name="Ex_GorkaPants_MaWka">
		<cargo preset="mixArmy" />
	</type>
	<type name="Ex_GorkaPants_Predator">
		<cargo preset="mixArmy" />
	</type>
	<!--SmershBag-->
	<type name="Ex_Smershbag_MM14Flec">
		<cargo preset="foodArmy" />
		<cargo preset="mixArmy" />
	</type>
	<type name="Ex_Smershbag_MM14Orig">
		<cargo preset="foodArmy" />
		<cargo preset="mixArmy" />
	</type>
	<type name="Ex_Smershbag_MaWka">
		<cargo preset="foodArmy" />
		<cargo preset="mixArmy" />
	</type>
	<type name="Ex_Smershbag_Predator">
		<cargo preset="foodArmy" />
		<cargo preset="mixArmy" />
	</type>
	<!--M65Jacket-->
	<type name="Ex_M65Jacket_MM14Flec">
		<cargo preset="foodArmy" />
		<cargo preset="ammoArmy" />
	</type>
	<type name="Ex_M65Jacket_MM14Orig">
		<cargo preset="foodArmy" />
		<cargo preset="ammoArmy" />
	</type>
	<type name="Ex_M65Jacket_MaWka">
		<cargo preset="foodArmy" />
		<cargo preset="ammoArmy" />
	</type>
	<type name="Ex_M65Jacket_Predator">
		<cargo preset="foodArmy" />
		<cargo preset="ammoArmy" />
	</type>
	<!--TacticalShirt-->
	<type name="Ex_TacticalShirt_MM14Flec">
		<cargo preset="ammoArmy" />
	</type>
	<type name="TacticalShirt_MM14Orig">
		<cargo preset="ammoArmy" />
	</type>
	<type name="TacticalShirt_MaWka">
		<cargo preset="ammoArmy" />
	</type>
	<type name="TacticalShirt_Predator">
		<cargo preset="ammoArmy" />
	</type>
	<!--CargoPants-->
	<type name="Ex_CargoPants_MM14Flec">
		<cargo preset="mixArmy" />
	</type>
	<type name="Ex_CargoPants_MM14Orig">
		<cargo preset="mixArmy" />
	</type>
	<type name="Ex_CargoPants_MaWka">
		<cargo preset="mixArmy" />
	</type>
	<type name="Ex_CargoPants_Predator">
		<cargo preset="mixArmy" />
	</type>
</spawnabletypes>
