<?xml version="1.0" encoding="UTF-8" standalone="yes" ?>

<spawnabletypes>
<type name="AMS_BandageBox">
        <tag name="shelves" />
        <cargo chance="1">
            <item name="AMS_Bandage" />
        </cargo>
        <cargo chance="1">
            <item name="AMS_Bandage" />
        </cargo>
        <cargo chance="1">
            <item name="AMS_Bandage" />
        </cargo>
        <cargo chance="1">
            <item name="AMS_Bandage" />
        </cargo>
        <cargo chance="1">
            <item name="AMS_Bandage" />
        </cargo>
    </type>
</spawnabletypes>
