<?xml version="1.0" encoding="utf-8" standalone="yes"?>
<types> 
    <!--CodeLock-->
    <type name="CodeLock">
        <nominal>40</nominal>
        <lifetime>7200</lifetime>
        <restock>0</restock>
        <min>50</min>
        <quantmin>-1</quantmin>
        <quantmax>-1</quantmax>
        <cost>100</cost>
        <flags count_in_cargo="0" count_in_hoarder="0" count_in_map="1" count_in_player="0" crafted="0" deloot="0"/>
        <category name="tools"/>
        <usage name="Industrial"/>
        <usage name="Farm"/>
    </type>
    <!--Jammer-->
    <type name="Jammer_Rack">
		<lifetime>3888000</lifetime>
		<flags count_in_cargo="0" count_in_hoarder="0" count_in_map="1" count_in_player="0" crafted="1" deloot="0" />
    </type>
    <!--EvenMoreDoors-->
	<type name="EvenMoreDoor">
        <lifetime>3888000</lifetime>
        <flags count_in_cargo="0" count_in_hoarder="0" count_in_map="1" count_in_player="0" crafted="1" deloot="0" />
    </type>
    <type name="EvenMoreDoor_Double">
        <lifetime>3888000</lifetime>
        <flags count_in_cargo="0" count_in_hoarder="0" count_in_map="1" count_in_player="0" crafted="1" deloot="0" />
    </type>
    <type name="EvenMoreDoorKit">
        <lifetime>3600</lifetime>
        <flags count_in_cargo="0" count_in_hoarder="0" count_in_map="1" count_in_player="0" crafted="1" deloot="0" />
    </type>
    <type name="EvenMoreDoorKit_Double">
        <lifetime>3600</lifetime>
        <flags count_in_cargo="0" count_in_hoarder="0" count_in_map="1" count_in_player="0" crafted="1" deloot="0" />
    </type>
    <!--GunRack-->
    <type name="Skyline_Gun_Rack">
        <lifetime>3888000</lifetime>
        <flags count_in_cargo="0" count_in_hoarder="0" count_in_map="1" count_in_player="0" crafted="1" deloot="0" />
    </type>
</types>] 